"PGID","PFNA","PLNA","POS","POVR","PSPD","PSTR","PAWR","PAGI","PACC","PCTH","PCAR","PJMP","PBTK","PTAK","PTHP","PTHA","PPBK","PRBK","PKPR","PKAC","PKRT","PIMP","PSTA","PINJ","PTGH"
14118,"Drew","Brees","QB",77,60,53,78,59,64,,59,,47,,87,87,,,,,,,91,,
17297,"Michael","Turner","HB",69,88,78,67,78,90,59,77,66,79,,,,41,39,,,,,,,
14157,"T.J.","Houshmandz","WR",68,85,62,84,82,86,84,58,76,67,,,,,41,,,,,89,79,
17354,"Robert","Gallery","LT",83,57,88,64,58,85,,,,,,,,84,81,,,,,,,
17389,"Nick","Hardwick","C",66,56,83,67,50,76,,,,,,,,82,88,,,,,,,
15741,"Brett","Keisel","LE",70,68,78,75,63,68,,,,,80,,,,,,,,,66,76,82
17167,"Jarret","Johnson","RE",63,60,79,70,62,65,,,,,75,,,,,,,,,,,78
17420,"Darnell","Dockett","DT",73,69,85,58,64,86,,,,,75,,,,,,,,,70,,
15755,"Bart","Scott","MLB",67,73,75,78,72,75,54,,59,,85,,,,,,,,,82,87,88
17488,"Jabari","Greer","CB",63,91,46,61,89,94,67,45,86,,48,,,,,,,,,89,,
